{"stats":{"minecraft:picked_up":{"minecraft:book":1,"minecraft:stick":2,"minecraft:sandstone":2,"minecraft:salmon":2,"minecraft:sand":80,"minecraft:gunpowder":69,"minecraft:bone":1,"minecraft:arrow":2,"travelersbackpack:backpack_tank":1,"minecraft:rotten_flesh":1,"minecraft:iron_sword":1,"minecraft:cod":2,"gravity_changer:plating":1,"create:andesite_ladder":3},"minecraft:mined":{"minecraft:mangrove_leaves":2},"minecraft:dropped":{"travelersbackpack:backpack_tank":1},"minecraft:crafted":{"travelersbackpack:pumpkin":1,"minecraft:air":0},"minecraft:used":{"minecraft:creeper_spawn_egg":7,"create:handheld_worldshaper":5,"minecraft:netherite_sword":26,"minecraft:enchanting_table":1,"create:andesite_ladder":5,"minecraft:apple":8,"minecraft:stone_sword":2,"lost_idols:promise_idol":1,"minecraft:grass_block":8,"minecraft:map":1,"gravity_changer:plating":1,"creeperoverhaul:tiny_cactus":1,"supplementaries:red_merchant_spawn_egg":1,"minecraft:iron_sword":2,"minecraft:redstone_block":2,"lootr:trophy":1,"minecraft:horse_spawn_egg":2,"creeperoverhaul:ocean_creeper_spawn_egg":1,"minecraft:golden_apple":3,"minecraft:dirt":9,"minecraft:anvil":1,"minecraft:potion":2,"minecraft:tnt":1,"minecraft:crafting_table":1,"minecraft:smithing_table":1,"minecraft:podzol":2,"create:schematicannon":1,"minecraft:stripped_oak_log":1,"create:wand_of_symmetry":6,"minecraft:splash_potion":2,"bygonenether:withered_debris":11,"minecraft:oak_log":5},"minecraft:killed":{"minecraft:husk":2,"supplementaries:red_merchant":2,"minecraft:creeper":14},"minecraft:custom":{"minecraft:time_since_rest":171276,"minecraft:interact_with_smithing_table":3,"minecraft:sprint_one_cm":60808,"minecraft:damage_taken":60,"minecraft:walk_one_cm":66679,"minecraft:interact_with_anvil":3,"minecraft:mob_kills":9,"minecraft:drop":1,"minecraft:damage_dealt":2090,"minecraft:talked_to_villager":4,"minecraft:interact_with_crafting_table":1,"minecraft:fly_one_cm":265226,"minecraft:crouch_one_cm":2261,"minecraft:play_time":171276,"minecraft:sneak_time":1288,"minecraft:walk_under_water_one_cm":681,"minecraft:aviate_one_cm":21623,"minecraft:jump":303,"minecraft:leave_game":39,"minecraft:time_since_death":171276,"minecraft:walk_on_water_one_cm":172,"minecraft:enchant_item":2,"minecraft:climb_one_cm":2629,"minecraft:total_world_time":171276,"minecraft:fall_one_cm":855,"minecraft:horse_one_cm":105663}},"DataVersion":3465}