{"stats":{"minecraft:killed":{"minecraft:skeleton":1,"minecraft:zombie":1,"minecraft:bee":1,"minecraft:slime":12,"minecraft:squid":1},"minecraft:used":{"minecraft:creeper_spawn_egg":3,"minecraft:redstone_torch":5,"minecraft:apple":2,"minecraft:stone_sword":3,"minecraft:villager_spawn_egg":1,"minecraft:flint_and_steel":6,"minecraft:ladder":3,"minecraft:iron_sword":24,"minecraft:slime_spawn_egg":2,"minecraft:bamboo_chest_raft":1,"minecraft:tnt":3,"minecraft:egg":4},"minecraft:custom":{"minecraft:time_since_rest":75994,"minecraft:sprint_one_cm":31287,"minecraft:damage_taken":279,"minecraft:walk_one_cm":37601,"minecraft:mob_kills":16,"minecraft:drop":5,"minecraft:damage_dealt":978,"minecraft:swim_one_cm":5862,"minecraft:fly_one_cm":57139,"minecraft:crouch_one_cm":843,"minecraft:play_time":75994,"minecraft:sneak_time":400,"minecraft:walk_under_water_one_cm":13998,"minecraft:boat_one_cm":11385,"minecraft:jump":121,"minecraft:leave_game":8,"minecraft:time_since_death":75994,"minecraft:walk_on_water_one_cm":4005,"minecraft:climb_one_cm":592,"minecraft:total_world_time":75994},"minecraft:dropped":{"minecraft:ink_sac":2,"minecraft:birch_sapling":1,"minecraft:creeper_spawn_egg":1,"minecraft:bone":1},"minecraft:mined":{"minecraft:fire":6,"minecraft:grass":1,"minecraft:rose_bush":8},"minecraft:picked_up":{"minecraft:ink_sac":2,"minecraft:bone":1,"minecraft:slime_ball":16,"minecraft:creeper_spawn_egg":1,"minecraft:rose_bush":6,"minecraft:birch_sapling":1,"minecraft:egg":1}},"DataVersion":3465}