{"stats":{"minecraft:picked_up":{"minecraft:bamboo_block":1},"minecraft:mined":{"minecraft:bamboo_block":1},"minecraft:crafted":{"minecraft:bamboo_planks":2},"minecraft:custom":{"minecraft:jump":43,"minecraft:time_since_rest":3715,"minecraft:leave_game":1,"minecraft:deaths":1,"minecraft:sprint_one_cm":12961,"minecraft:play_time":4689,"minecraft:damage_taken":430,"minecraft:time_since_death":3672,"minecraft:walk_one_cm":6852,"minecraft:sneak_time":82,"minecraft:climb_one_cm":682,"minecraft:total_world_time":4689,"minecraft:fall_one_cm":5606,"minecraft:fly_one_cm":81667}},"DataVersion":3465}