{"stats":{"minecraft:killed":{"minecraft:skeleton":1,"minecraft:zombie":1,"minecraft:bee":1},"minecraft:custom":{"minecraft:time_since_rest":55247,"minecraft:crouch_one_cm":95,"minecraft:play_time":55247,"minecraft:sprint_one_cm":11248,"minecraft:damage_taken":250,"minecraft:walk_one_cm":13604,"minecraft:sneak_time":122,"minecraft:walk_under_water_one_cm":9301,"minecraft:mob_kills":3,"minecraft:drop":1,"minecraft:boat_one_cm":11385,"minecraft:jump":18,"minecraft:damage_dealt":424,"minecraft:leave_game":2,"minecraft:time_since_death":55247,"minecraft:walk_on_water_one_cm":569,"minecraft:total_world_time":55247,"minecraft:climb_one_cm":592,"minecraft:fly_one_cm":34780},"minecraft:dropped":{"minecraft:bone":1},"minecraft:picked_up":{"minecraft:bone":1},"minecraft:used":{"minecraft:apple":2,"minecraft:stone_sword":3,"minecraft:villager_spawn_egg":1,"minecraft:bamboo_chest_raft":1,"minecraft:ladder":3}},"DataVersion":3465}