{"stats":{"minecraft:custom":{"minecraft:jump":20,"minecraft:open_chest":2,"minecraft:time_since_rest":14745,"minecraft:leave_game":3,"minecraft:play_time":14745,"minecraft:sprint_one_cm":15466,"minecraft:time_since_death":14745,"minecraft:walk_one_cm":16646,"minecraft:sneak_time":25,"minecraft:total_world_time":14745,"minecraft:fall_one_cm":627,"minecraft:fly_one_cm":31500},"minecraft:used":{"cubicracers:road_block":19,"cubicracers:booster":2,"cubicracers:standard_kart":4,"minecraft:birch_stairs":5,"cubicracers:mach_celere":1,"cubicracers:item_box_spawn_item":1}},"DataVersion":3465}