{"stats":{"minecraft:used":{"minecraft:creeper_spawn_egg":2,"minecraft:redstone_torch":5,"minecraft:apple":2,"minecraft:stone_sword":3,"minecraft:villager_spawn_egg":1,"minecraft:bamboo_chest_raft":1,"minecraft:tnt":3,"minecraft:ladder":3,"minecraft:egg":4},"minecraft:dropped":{"minecraft:birch_sapling":1,"minecraft:bone":1},"minecraft:custom":{"minecraft:time_since_rest":71457,"minecraft:crouch_one_cm":786,"minecraft:play_time":71457,"minecraft:sprint_one_cm":28631,"minecraft:damage_taken":250,"minecraft:walk_one_cm":23556,"minecraft:sneak_time":396,"minecraft:walk_under_water_one_cm":13106,"minecraft:mob_kills":3,"minecraft:boat_one_cm":11385,"minecraft:drop":2,"minecraft:jump":103,"minecraft:damage_dealt":458,"minecraft:leave_game":5,"minecraft:walk_on_water_one_cm":3168,"minecraft:time_since_death":71457,"minecraft:climb_one_cm":592,"minecraft:total_world_time":71457,"minecraft:swim_one_cm":5862,"minecraft:fly_one_cm":56622},"minecraft:killed":{"minecraft:skeleton":1,"minecraft:zombie":1,"minecraft:bee":1},"minecraft:picked_up":{"minecraft:bone":1,"minecraft:birch_sapling":1,"minecraft:egg":1}},"DataVersion":3465}