{"stats":{"minecraft:dropped":{"minecraft:feather":3,"minecraft:iron_sword":1,"minecraft:chicken_spawn_egg":1,"minecraft:chicken":2},"minecraft:picked_up":{"minecraft:feather":3,"minecraft:chicken":2},"minecraft:used":{"minecraft:chicken_spawn_egg":2,"minecraft:iron_sword":5},"minecraft:killed":{"minecraft:chicken":6},"minecraft:custom":{"minecraft:jump":11,"minecraft:time_since_rest":2185,"minecraft:leave_game":1,"minecraft:damage_dealt":120,"minecraft:sprint_one_cm":5850,"minecraft:play_time":2185,"minecraft:damage_taken":150,"minecraft:time_since_death":2185,"minecraft:walk_one_cm":3565,"minecraft:sneak_time":19,"minecraft:total_world_time":2185,"minecraft:mob_kills":3,"minecraft:drop":7,"minecraft:fly_one_cm":8624}},"DataVersion":3465}