{"stats":{"minecraft:killed":{"minecraft:husk":2,"supplementaries:red_merchant":2,"minecraft:creeper":14},"minecraft:mined":{"minecraft:mangrove_leaves":2},"minecraft:used":{"minecraft:creeper_spawn_egg":7,"minecraft:netherite_sword":26,"minecraft:enchanting_table":1,"minecraft:stone_sword":2,"supplementaries:red_merchant_spawn_egg":1,"minecraft:iron_sword":2,"minecraft:redstone_block":2,"minecraft:golden_apple":2,"minecraft:anvil":1,"minecraft:tnt":1,"minecraft:crafting_table":1,"minecraft:smithing_table":1},"minecraft:picked_up":{"minecraft:stick":2,"minecraft:sandstone":2,"minecraft:sand":80,"minecraft:gunpowder":10,"travelersbackpack:backpack_tank":1,"minecraft:rotten_flesh":1,"minecraft:iron_sword":1},"minecraft:custom":{"minecraft:time_since_rest":109198,"minecraft:interact_with_smithing_table":3,"minecraft:sprint_one_cm":39614,"minecraft:walk_one_cm":30876,"minecraft:damage_taken":60,"minecraft:mob_kills":9,"minecraft:interact_with_anvil":3,"minecraft:drop":1,"minecraft:damage_dealt":2030,"minecraft:interact_with_crafting_table":1,"minecraft:talked_to_villager":4,"minecraft:fly_one_cm":56607,"minecraft:crouch_one_cm":1864,"minecraft:play_time":109198,"minecraft:sneak_time":866,"minecraft:aviate_one_cm":21623,"minecraft:jump":182,"minecraft:leave_game":38,"minecraft:time_since_death":109198,"minecraft:enchant_item":2,"minecraft:total_world_time":109198,"minecraft:climb_one_cm":1083,"minecraft:fall_one_cm":855},"minecraft:crafted":{"travelersbackpack:pumpkin":1,"minecraft:air":0},"minecraft:dropped":{"travelersbackpack:backpack_tank":1}},"DataVersion":3465}