{"stats":{"minecraft:used":{"royalvariations:royal_skeleton_spawn_egg":1,"knightquest:hollow_leggings":1,"minecraft:pink_petals":12,"knightquest:hollow_helmet":1,"knightquest:evoker_helmet":1,"royalvariations:royal_knight_helmet_helmet":1,"knightquest:hollow_chestplate":1,"knightquest:evoker_chestplate":1,"knightquest:hollow_boots":1,"knightquest:evoker_boots":1,"nethers_exorcism:indigo_fruit_food":2,"knightquest:evoker_leggings":1,"royalvariations:royal_creeper_spawn_egg":1},"minecraft:killed_by":{"alexsmobs:tiger":2},"minecraft:dropped":{"knightquest:evoker_helmet":1},"minecraft:picked_up":{"knightquest:evoker_helmet":1,"minecraft:pink_petals":16,"pvz_zengarden:zengarden_guide":1,"minecraft:granite":1,"minecraft:coal":8,"minecraft:cobblestone":48},"minecraft:mined":{"minecraft:pink_petals":7,"minecraft:grass":4,"minecraft:powder_snow":1},"minecraft:custom":{"minecraft:time_since_rest":10825,"minecraft:crouch_one_cm":48,"minecraft:play_time":15960,"minecraft:sprint_one_cm":23646,"minecraft:deaths":2,"minecraft:damage_taken":560,"minecraft:walk_one_cm":15439,"minecraft:sneak_time":38,"minecraft:drop":1,"minecraft:animals_bred":2,"minecraft:jump":61,"minecraft:damage_dealt":10,"minecraft:leave_game":1,"minecraft:time_since_death":10789,"minecraft:total_world_time":15960,"minecraft:fall_one_cm":1171,"minecraft:fly_one_cm":12233}},"DataVersion":3465}