{"stats":{"minecraft:custom":{"minecraft:time_since_rest":124018,"minecraft:sprint_one_cm":23276,"minecraft:damage_taken":195,"minecraft:walk_one_cm":29135,"minecraft:mob_kills":2,"minecraft:drop":1,"minecraft:damage_dealt":301,"minecraft:swim_one_cm":2734,"minecraft:interact_with_crafting_table":3,"minecraft:fly_one_cm":55286,"minecraft:crouch_one_cm":1246,"minecraft:play_time":124018,"minecraft:sneak_time":1150,"minecraft:walk_under_water_one_cm":1044,"minecraft:jump":205,"minecraft:leave_game":13,"minecraft:time_since_death":124018,"minecraft:walk_on_water_one_cm":3179,"minecraft:total_world_time":124018,"minecraft:climb_one_cm":382,"minecraft:fall_one_cm":5262},"minecraft:killed":{"knightquest:lizzy":2,"minecraft:drowned":2},"minecraft:crafted":{"minecraft:crafting_table":1,"minecraft:stick":8,"minecraft:wooden_pickaxe":1,"minecraft:wooden_axe":1,"minecraft:stone_axe":1},"minecraft:mined":{"minecraft:dark_oak_leaves":3,"treechop:chopped_log":3,"minecraft:crafting_table":2,"minecraft:dark_oak_wood":16,"minecraft:grass":2,"minecraft:dirt":1,"minecraft:tall_grass":1,"minecraft:stone":7,"minecraft:oak_leaves":2},"minecraft:picked_up":{"minecraft:dark_oak_sapling":8,"minecraft:stick":7,"minecraft:crafting_table":2,"minecraft:dark_oak_log":46,"minecraft:dirt":1,"minecraft:apple":1,"minecraft:oak_sapling":2,"minecraft:dark_oak_wood":53,"minecraft:cobblestone":5},"minecraft:dropped":{"minecraft:wooden_pickaxe":1},"minecraft:used":{"minecraft:oak_fence":22,"minecraft:wooden_axe":29,"minecraft:birch_fence_gate":2,"minecraft:wooden_pickaxe":7,"minecraft:stone_axe":57,"minecraft:crafting_table":2}},"DataVersion":3465}