{"stats":{"minecraft:crafted":{"travelersbackpack:pumpkin":1,"minecraft:air":0},"minecraft:dropped":{"travelersbackpack:backpack_tank":1},"minecraft:custom":{"minecraft:time_since_rest":107209,"minecraft:interact_with_smithing_table":3,"minecraft:crouch_one_cm":1864,"minecraft:play_time":107209,"minecraft:sprint_one_cm":34454,"minecraft:damage_taken":60,"minecraft:walk_one_cm":27373,"minecraft:sneak_time":866,"minecraft:interact_with_anvil":3,"minecraft:mob_kills":3,"minecraft:drop":1,"minecraft:aviate_one_cm":21623,"minecraft:jump":165,"minecraft:damage_dealt":680,"minecraft:leave_game":37,"minecraft:time_since_death":107209,"minecraft:enchant_item":2,"minecraft:climb_one_cm":1083,"minecraft:total_world_time":107209,"minecraft:fall_one_cm":855,"minecraft:talked_to_villager":4,"minecraft:interact_with_crafting_table":1,"minecraft:fly_one_cm":53159},"minecraft:killed":{"minecraft:husk":2,"minecraft:creeper":2,"supplementaries:red_merchant":2},"minecraft:used":{"minecraft:netherite_sword":6,"minecraft:golden_apple":2,"minecraft:enchanting_table":1,"minecraft:stone_sword":2,"minecraft:anvil":1,"minecraft:crafting_table":1,"minecraft:tnt":1,"minecraft:smithing_table":1,"supplementaries:red_merchant_spawn_egg":1,"minecraft:iron_sword":2,"minecraft:redstone_block":2},"minecraft:picked_up":{"minecraft:sandstone":2,"minecraft:stick":2,"travelersbackpack:backpack_tank":1,"minecraft:rotten_flesh":1,"minecraft:sand":80,"minecraft:gunpowder":2,"minecraft:iron_sword":1},"minecraft:mined":{"minecraft:mangrove_leaves":2}},"DataVersion":3465}