{"stats":{"minecraft:custom":{"minecraft:time_since_rest":57455,"minecraft:crouch_one_cm":351,"minecraft:sprint_one_cm":20813,"minecraft:play_time":57455,"minecraft:walk_one_cm":45610,"minecraft:sneak_time":101,"minecraft:mob_kills":1,"minecraft:jump":76,"minecraft:damage_dealt":280,"minecraft:leave_game":3,"minecraft:time_since_death":57455,"minecraft:total_world_time":57455,"minecraft:fly_one_cm":17899},"minecraft:killed":{"minecraft:villager":2},"minecraft:used":{"butcher:villager_corpse_item":3,"butcher:bloodgrate":1,"knightquest:zombie_boots":1,"dungeonnowloading:life_stealer":1,"knightquest:zombie_helmet":1,"minecraft:villager_spawn_egg":2,"butcher:empty_meat_grinder":1,"butcher:butchers_knife":3,"nethers_exorcism:hellish_crown_helmet":1,"minecraft:redstone":2,"knightquest:zombie_leggings":1,"knightquest:zombie_chestplate":1,"revampedpiles:swords_wall_iron":1,"minecraft:enchanted_golden_apple":3},"minecraft:picked_up":{"minecraft:golden_carrot":1,"minecraft:rotten_flesh":7,"minecraft:iron_ingot":1,"knightquest:small_essence":1,"pvz_zengarden:zengarden_guide":1,"butcher:villager_corpse_item":1,"butcher:drained_pig_corpse_item":1}},"DataVersion":3465}