{"stats":{"minecraft:custom":{"minecraft:time_since_rest":14274,"minecraft:play_time":14274,"minecraft:sprint_one_cm":5003,"minecraft:walk_one_cm":16134,"minecraft:sneak_time":27,"minecraft:mob_kills":1,"minecraft:jump":22,"minecraft:damage_dealt":280,"minecraft:leave_game":1,"minecraft:time_since_death":14274,"minecraft:total_world_time":14274,"minecraft:fly_one_cm":13298},"minecraft:killed":{"minecraft:villager":2},"minecraft:used":{"butcher:villager_corpse_item":3,"butcher:bloodgrate":1,"knightquest:zombie_boots":1,"dungeonnowloading:life_stealer":1,"knightquest:zombie_helmet":1,"nethers_exorcism:hellish_crown_helmet":1,"butcher:empty_meat_grinder":1,"butcher:butchers_knife":3,"knightquest:zombie_leggings":1,"revampedpiles:swords_wall_iron":1,"knightquest:zombie_chestplate":1},"minecraft:picked_up":{"pvz_zengarden:zengarden_guide":1,"butcher:villager_corpse_item":1,"butcher:drained_pig_corpse_item":1}},"DataVersion":3465}