{"stats":{"minecraft:mined":{"minecraft:mangrove_leaves":2},"minecraft:custom":{"minecraft:jump":31,"minecraft:time_since_rest":3623,"minecraft:crouch_one_cm":13,"minecraft:leave_game":1,"minecraft:sprint_one_cm":2311,"minecraft:play_time":3623,"minecraft:damage_taken":60,"minecraft:time_since_death":3623,"minecraft:walk_one_cm":2801,"minecraft:sneak_time":191,"minecraft:climb_one_cm":1083,"minecraft:total_world_time":3623,"minecraft:fall_one_cm":855,"minecraft:fly_one_cm":3800}},"DataVersion":3465}