{"stats":{"minecraft:used":{"minecraft:golden_apple":2,"minecraft:enchanting_table":1,"minecraft:anvil":1,"minecraft:crafting_table":1,"minecraft:smithing_table":1},"minecraft:picked_up":{"travelersbackpack:backpack_tank":1,"minecraft:iron_sword":1},"minecraft:mined":{"minecraft:mangrove_leaves":2},"minecraft:dropped":{"travelersbackpack:backpack_tank":1},"minecraft:crafted":{"travelersbackpack:pumpkin":1,"minecraft:air":0},"minecraft:custom":{"minecraft:time_since_rest":13078,"minecraft:interact_with_smithing_table":3,"minecraft:crouch_one_cm":32,"minecraft:play_time":13078,"minecraft:sprint_one_cm":2791,"minecraft:damage_taken":60,"minecraft:walk_one_cm":4744,"minecraft:sneak_time":205,"minecraft:interact_with_anvil":3,"minecraft:drop":1,"minecraft:jump":35,"minecraft:leave_game":2,"minecraft:time_since_death":13078,"minecraft:enchant_item":2,"minecraft:climb_one_cm":1083,"minecraft:total_world_time":13078,"minecraft:fall_one_cm":855,"minecraft:interact_with_crafting_table":1,"minecraft:fly_one_cm":3800}},"DataVersion":3465}