{"stats":{"minecraft:custom":{"minecraft:jump":45,"minecraft:time_since_rest":9814,"minecraft:leave_game":1,"minecraft:damage_dealt":10,"minecraft:deaths":1,"minecraft:damage_taken":240,"minecraft:sprint_one_cm":9739,"minecraft:play_time":15540,"minecraft:walk_on_water_one_cm":2987,"minecraft:time_since_death":9771,"minecraft:walk_one_cm":24687,"minecraft:sneak_time":266,"minecraft:total_world_time":15540,"minecraft:walk_under_water_one_cm":6401,"minecraft:fly_one_cm":262065},"minecraft:picked_up":{"pvz_zengarden:zengarden_guide":1,"minecraft:cod":6}},"DataVersion":3465}