{
  "minecraft:unlock_deep_pockets_book": {
    "criteria": {
      "exists": "2024-05-28 04:40:28 +0000"
    },
    "done": true
  },
  "minecraft:recipes/decorations/crafting_table": {
    "criteria": {
      "unlock_right_away": "2024-05-28 04:40:28 +0000"
    },
    "done": true
  },
  "minecraft:adventure/adventuring_time": {
    "criteria": {
      "minecraft:mangrove_swamp": "2024-05-28 04:40:29 +0000",
      "minecraft:desert": "2024-05-28 04:41:03 +0000"
    },
    "done": false
  },
  "DataVersion": 3465
}